1,d278c2aad8f1c0de7023b4ec81df35fd9515a4330d5db48fda746c0548c200f5
2,60cf3885dabd878c2f24cd503b02db29c7c2dfdad310a8ec9c0d826b8d84ff2f
3,f84c72ebf84336085a6f1013ccff8cd987a0baa1c6d5c0fb650b14b4daf6ca2f
4,b2ebc1f2cc12460fbafb34975e12ecb4e0d5c6fde61ed64ae8c6c99a97c11cb3
5,51e10e577e79c3bb548d4fa0abc2809926c22c1d39a068d4804ed5f78db5aa05
6,9ed77e10474f730060a401af72bbffc311e7b6fb0dada2596dbe825fac7cb0d3
7,2df0e88c067f0337018463a171c80966669f5b1338cf8b701d450cf75bd10828
8,0d29bad043e5506debddfb41419839332e6d55c6586622dbf636d69dc12a824d
9,5a022d51d3afa18b614a4c2bdcecb159fb7930b1b6fbcecf737a08034a065980
10,e7f254644a03a550110e2be89160ad50f0561f7387cf8a7d181a7619decb12ca
11,dc68d3832b95a0cf5b65ae8946ffd41b376e5fe4a850859fcf3bed69e0c29309
12,134472c99e13cb930b19b6d40994205230ed4123a660d29b5328b45a4634595b
13,038cfa053501f59f183552f42ca47a407bd8c832366394b422dac1a3485f099f
14,921f0fd595ef7dc2586390700cb3272e336d191f7984b8a420dd633400354dab
15,f52dd49b221f4dfe03a070e180a98d617b51eee38ca16fccf3d37b35f128e88b
16,061537b7cf42c824edcc3a81c92e38e13989cc48563bc0b49a03143a13d7e315
17,6eea275b63231afce3a882bf8f2440586f18cd423cdaa107423ad5d675d7f2d7
18,ad03d68abcfaffbd2eb12da4087d4063225eb1a49de02565c6ae31c380aeacc5
19,636c7343f560ae47cb2c69ebb7fbc5f65274286f2cda8aafd903cd3d6320d9a2
20,e1dbf71d32d1fcec333f8c0fc670cf1ded522f9d20e3fd9e669d28dc5a032939
21,be582e83593e6351684f50911566467c201633b65476892a46636613408d5f2a
22,b54af35caf49ef3a349825bf3ba4039863170e7c6cd5e9483a78441feb82d079
23,0a4292d9a221bd3a2586dc5ba05ef109194a7e72a1fd86ab4035654d0f0fa0d5
24,b1f94609569b011864b1c27dac8631df4315ff3c13fc9fa205d758fb57b5f92b
25,1c5eef47b93ce1f8aff75eed857b3ed00bb9b87b9511ced68a0e04bb2774a763
26,073322f8169e7d10c906d8fa824863a756caf28fa3fb546cc53e0c0b7ee0f6e1
27,dbd7a00a89ccf19a7ff41cbeeac536ca2326a1ae268d70698a9d5d69749cfc9f
28,8824730b1005689bac7b203fccbfff2ea4a1f5fe51296863129a9b261326d4db
29,04c4affbca3bc7f09a42555d14b64cca08c71dce9d04f290382397a2ae3d9231
30,8ad28473e703b59db9e14162dc6fec5585a7d50661bf082ecb291b052a17a4a5
31,1da9e1907b2faa809134db1f3f48d19b01cba1e0153e40dc2b0ba63e3da6d963
32,665808b0990daf5c0175dcff44e7ad9e57f36ffcdb788f259a7a8690cd48e603
33,aa031af37a74e772802b82d230a6377014b66e8890be7a2fd8e1a762ef1c35a9
34,350195aaea603f0f7ee955c799c6284ea94146f07e78132806ebc14ef25c983b
35,fd90c306d0873404616dfee1bc087a4a57e7ba39983465f9f560359049344e5b
36,927369333228092322257228386f16c967f94857977aa27bd89d11772067ff39
37,573b8be267cf87c9e3e60d7b03e18d55363e26eae181b2044f546ddd3dd5ed33
38,389f9b898342eebaf444ad1e63d665e4bc8f32fb96772a84d8e3ac3ed1b48b32
39,8b9b75707ee8831edb3056a8bc9dce9bd6974efe5a7c7b8c53e6171f7f0f2e90
40,73f19a8e03873c9b6e9cea100cebac5df42c3670adf7c1b1ffdfcd4e995bc4a3
41,6ddedeac81abd22fbe88ef1085055d26bd57c9ef15e9fb322c9095783897f20d
42,a074d14598e18cbaaafed4b8b3fe7b81c9b24812149bdd3da1910f85a688cfd6
43,295e3bf0eb47e57292c540d1b76e7ce280412975b874a9a116b985a6e921d76b
44,29fa200ce3e12c130e547b5657d48712c7d7622df7be2dc3fb1f660cf57fe2d6
45,5c142c121b6ef8ed41c5342c0869049dac52a5ca83108315f5eaa68a89f4fcba
46,b148cd8db4f0e568bf8416873ad31c06982aa14e87a9f43b04006fa23a80f481
47,db83a4da27bbd0504acd6543ac65051b24c839bf053fdf77a5160ad4fb0d4d59
48,85fb635926746af7de9038e8c23926ef91296595e670d22f8e6ec00bfc645acc
49,d65c4c94c5778df7f62e7daaf51151a4de4c69b1c8d59eb5f1dcf8605c6b562d
50,1c72cdf38c0585275c5b24af5b710a76b140e051f74df73e5015f0dfdcf1414a
51,63cef55c9c175f8947b2f463b9f8fc16fe1c6e30e3f142a81566a240b4bf6dce
52,8697b60141f657fad3fb0c1d089b3b376e49d04e252eefa932fab42cc5708cae
53,cd994ead89eb3858caf6fffe44414d40c275c820f8809b114320d473272c440d
54,a3b26c273d0a2d3af2ec0fc1072c28caba2cbc66866336f98462fd366105cd8e
55,97407d19390fbce7077ec0aa85ceeebb2632a2518dc789a086c61895f4136f55
56,3fb2449529b94cfed88dd08f55a6ef7aa7086eb52d00c057b524d4634564b800
57,91f4800a64c4a45a8c88435342474c44b4d8ab50edc396e983f1e7e57ffd5789
58,6bbab2f4c7107c7e3c48d0f7e0e10aa43b0cd5249057361d803579fc8c33b97d
59,062b6d897cbeb7cf5e3f902da048bd4d2d91774d9952c996fdfe5f06c0f40f55
60,c0ec760534821bbe91266ee6ff03160334c0c3af85e7e88889abfa7f1aff04f5
61,29651b23f2c87bb1616e5ec6a5adbe3ebaf6c2a3d3d7b90358d68e45dd3e13b5
62,6f26803ce0f3f4ed82788ac47fac949bafd65ab7e4ac9ed1ad522d051138335f
63,4574e307d23eba77f17ca322f5c6b51ce58d25cc3fde03bda03b7e34b3374f2f
64,225f274144e3af60bec7cc1676f75cb9ed212b8f45dfa763ca1a94b2fc35d0cb
65,5adb77fea2df77b1b9bfd7333b94f40442a4baab47afc8555c6487b38494bb87
66,3d593a694a33cbcb14e9b71328af3f7f74b6d3310c4ac6fa833cd7f80d4e91b1
67,b24985d2b7c52aab8ccb58695c15d92c117936657f3fc0759cf94d3355e2f721
68,74f44afca67e653277fdaf35bb0712e54a4d1e69b61159db1f84155b08f8bc7c
69,2d9ad61900a720935548f749a38e13f8177327bbef9ea089ae8cc60a4cb0b977
70,91c26a64ff92ab3a8360608b4968e876c63d85a3ab63de951a88e2dc1d11e2de
71,3d92e1f264e1eeef6d202e2274a8d90db7fe48123d5c9ff48966a4398f0c080a
72,c552efb0678f076fe3c4f54d4324caa22f3b25686997597f9d8d053c05fed42c
73,f139feab0649e1d0346fc85f3ed314ba47f64bed4543f9c435087538656173ea
74,9f68fd78c6c8994dc116f34a50c561108494809f988eaf281af7284975cdf169
75,8cc3b7bbc3e18afdba190dc2e424b5927fa4011225ee3b050f05b3d631cdc41f
76,a0eaacf4ccfca258754f06bcb9b038853f68691ee6c4297da86474dbc3865c7d
77,fe0b13f81dc0db630bac1b55dfa3f8deffa334921bbfaab92d302eedf15cadff
78,0ff7b963434a0a25bc7bec57edfff08e277074081c83230961b9c13864e22ca7
79,db0698061471bf99387ea2a455cfcdf4e947a93a013497db68802f161b3e043f
80,0698dbb50351d96a1bdbfd552e19f9ba5b717b9b4231287a9d0633871053ab29
81,df2e977673a63854bfc8f9983b0c2c1bfa62f8ee4ad20dadacbb3990410ecd0e
82,69e7ac389aa4c086371dd3dfc8fc41f19698d6725279725b6adc3a7a3c66ca66
83,55e93b723ce0f5148bc734f0f74f237c5fe31507c0519a6efb04303001fd2c74
84,f300dc05c77ca741e27f77d78120f3a6366f1e1d06a1edc4f161c880303efa98
85,5e73367d532fe8353fd228ba61f534e67bfd5f6cd4c65c0a73db60cdcfecddad
86,9c597887d2dc1a8c7b3c10abc24c6f81cbdb9cbc8f6c53e1b2a2ab41a62ce35c
87,1430695622439d0f3d1e6fc0b80ee4b9ff98df5f5dc63dc6bdd2f9ab532c3f19
88,ab9fc9737740d722af5e27af15ab9e41ded0e7435b951b0dd904a96b5bceef49
89,72347efbef2efb3475d5f78b52044e1b9c8a856a0f809a983a6cb8378ef1abeb
90,90955f6e5f05ddf3c2ad3127ff4a83ee7a238e1f79441e0f57ac645ef2d0ba67
91,db39cf41c6bc077d859686512f571b3b40bba78723484f8d2d929b23aea77ff5
92,545f40b61e3d2ef60a8d294197cbe163b11aff5a98c992561bd0af6bbd77e8cb
93,a91589d4121a1ca8c0d83535fd09eb7bd334cb68f179acbd5814c5a3e3ad87a0
94,4065014a62ce8cc33817463b2bd15a8c1ac5bcbeafa436c0a418dd9ddab696c8
95,fe308159c6d21bdc98738aa35621136cb3f33eb8ba6ad483d7c311e1e967ee51
96,15d158c90707b6188ded3bd2abe98e03503d60193dbe326a6ce36ed372a529f5
97,db933b7a39101ddf7b617501cfb3ac218a2f58a946a873752370b4d2313a4e5e
98,ac901aee2bb7c4ae79d3fe853839e37af2cdfb9cff7520559d97e437a2179b55
99,4e4f45f78d85bf29b849c0c6f72bf11b100c281a5fae1eaf1d55d937ad243143
100,a37ebc4136fe088a38c916029c3c4a87619277dcf100b9cff1d8487503ce3dda
101,6f96215c2e33dba11b7a306cec8417881f9fc0cf8f9cec2836d0df295cebf398
102,435885d1666077e687106a334bbf4372404542ba146b38086996a354f04f2777
103,928516c86b79f389566d2236dc1fa05f94d152a26d052e31a80505385f5deba0
104,b69f836c47280d5fd78533de8f9788ceed36524cb5c36f7c38ed07718fc3af47
105,b187af02b95787e4ca86d8c45d8dbecd2e736eb2bc7a918e5400491ef110b244
106,5f1da390ae0765f1abb3c161ac7ed3abb06cdb0a520edc3d6e087e4a2915e6dc
107,076ca596a4b23e6aa475d9ad7e0a9c0d9318446764e8897a603fe52c57559402
108,73ea5a632b3248bb431df65cf4f426ec0119d1bcb8a4607b8956a7218ac224d9
109,aca402664d951c59f4a6a8019ae9f604c0bd3324e143d414a81698697fa12d47
110,1b9322429c2755b209094105b183506cb7530f8fcef27e57f7eec0476cd3ea21
111,217a2437dd04b895a758d562b089263808d41ca14a1d5634e142a3c3dbd716ff
112,6d52642e66e548b1944264ebadc0028bcb375e996305d4d84984ca79798fddab
113,2b4a7728719f1c327d4b4e6dfe771f6499302650d97d345c6d70c975b28db9fa
114,8de3c19ad411faf3ad578e95da1b0254912c7349960ff08f02f6628a285ea734
115,1b1040e478b1e54203e7f3dd6e7933eecb92df25f7682a08c463097e09dfa3d8
116,ddf3c3dd39ca7538f41ea593faacb08fb3456dfaf5f6251b843d94c94e0bd16b
117,3b0ffaf553cb82d60d8e3e8f4004257c8b1b94374d62a8bc7eddbdebfd233952
118,b0fa7fd0a41cca6b49970413a9d9ec7a4442ac3b7e7d0de934e6833d568f9a62
119,e5f7579bb7db96b098f6c7666a4a18d4ae130ffc1b83a5533888063d7847cb99
120,dbcb48b1540d08d422faf17e54502b390821922b421a69e2bc076a65dc0bd5a2
121,9f479ea828472847b6f6c59d27a4dfe2cf959b843ab0620b44e10f7fb0acb8f5
122,988d08a29f23e87cde1daa8c4a5fe372e794ceb04d20dc75106b954ca3fa4d67
123,46e142ada9dcfef677efe13fed493515456850435077e3cb62ec08b6170c2e75
124,8d331baf7549a51088adbf4d7e30fb40858c17e1f371cdbfac62f1015a8f3216
125,5a01e385fb574e382297bb80868696628c4bf4fe57a09dbb28842519cc6c0586
126,5287e4e8323627aa5fa15f521c4b08d2880545123fc7630dc93016adbe901e9d
127,6008322ae1c620d578ab494397a68508cb91e8b73f4dac13071a4f1a18af30f2
128,7c16dc3a65ce7510725e9bc91e2067b879d0b674e09e13f715caf451c68139fc
129,2310e3c15b86245430b3793f4a6d70ea0ac6d70f8f36771e3b83c1cf62c579ca
130,3b9dc4c6bc9bb18cc0449b836314d8a7e4cfc37044e714a62f05db57d3133471
131,d39945c2afd0df44cc1ffbaba605838e10fd17596ac6c2236fb268a9d09572c8
132,50e7d90b3f8b30697ee60da12a5401cfe822960a5d64e0e7a96ae95b828a018b
133,e83e23ccb7c68ce75a8ad48d05a56f44b130f1787ed51c7500060b7474f2fcb7
134,035e7fa853b52b2ef88aa17173bbcb0bed4082f0b35b2e966d275ae76259b42e
135,f11282a4765ccece2628db867b9926a2d8ec3dcf72118151cd913dda9e1c7426
136,373663a4c62d6aaa95d12d8670b1eb90d43e64b5371a0978059418e6acc07822
137,bf503901bd3dbcd7d09004890d6a354e8078ab87007a6f5f3383ff9fbed6dcf3
138,1fcaaafd22e39888e6fb1f500704a04a5d3cbbc7c83151dc5d831a48d816f732
139,236d6325799a319ed9871b5730e5e0c32479544a3e6e94c61854d4d71be38717
140,28019fc4b436a5cf4f8a1af0dfefda34cc661c4f532c12c05d6d3efe0beaf91c
141,93733cb1144b97828af59dcff6e9ef6c5d4052977e44d0b6ba7ce76466d4d676
142,ed299e68242a39235f51457a155cd4cc79e8a53fa16a3aaafdd9f91ce66b02a1
143,05bdc8f0c0abd9fad37e1b3d23d302139c503b9a6be067f79405cee2dc166e9e
144,dae405b317219c9c14e501996ad779df72b8aa6557d6edba2228c624d61d1b18
145,2d9ab042a4bf21369ed72897366204feff54359585275a09ab64975c43304962
146,467ef29690ddea11dd465c326d305f645602b738112e17e6870fdd9a430e4b02
147,af1063e494289d5a0f37a193d98b3f21fa1b0a739d4fb787827a9e97be0b1edd
148,28a5cfdf4e0e557571dba10835628b5e93c4edca98a5ff8cb5f443fda372f274
149,e8f941efe2cda49eb745136e696c9a123e4b0220e055a87b2e1e8d8dbe5414ea
150,9a268ff3ac2de1a1137447775f6235947fc167d8ea03010a6105f16abcab8162
151,a0ad8ffeb8650eb3cfff2b84a963a3145f2d19f478f6a0817282f000004d60e5
152,56b9116ae67d83b0e35c0d22d8da4c3f24406c63076f5324e70a50eaf9bc1b66
153,6a1fabbee838706a2e5dd33660679689803feeb75b8a3f3ae807f3ef68af298c
154,2b3d88187b0b84c100f8925df24c52f0aecce52950180aea8109671371cebb0b
155,21f2f33d227afd92a6d473526dab28891a591f307527410879b16cc39693f66e
156,b704ef978dd4a6d3e7b1bde9942aeb6ccd7c80547d1d4f5e83840e3f5335aa9f
157,3673467d8e3772c5644a65059d3ebafd6c232e503de47f3ae96d5b78b2c0485d
158,405c900364869307be6921e015e78f4b68d318019bd01656fbb90be22663f51e
159,7f8fcc5e45c2ec771b3a427059903a9816a6a6af3fee98c8a81855369d1cf1bd
160,2444c69baa1f6af2047202bd1a25b654c263c0a8aa87cbe6275e1042c1d494ee
161,f72877af62cb96fd98887221d7568065cd1a506c4e19bb6aea78d5297261c637
162,bcc380cdc2014cd5666d6d05103cd21957fb2b9e0aa924f95ef611ff51cf4d01
163,2bd8cca391c60ae03d3b3513925bd79eec457c72a78f7ba37296b39121bb9a2f
164,cdcc0075f6519772ce987f1b0fb6825719560331342bcd82e14cc5039238b405
165,26a6d11e40b3566395c655e9eea2368425abeabe6e2e293652d6936f83b05f86
166,1729d5f6169951f90a8d801aeb406a8937efd5231d3672c48410ceec3e70f1a1
167,7c3fb7482dd6c33b47c979a34363126c300f2fe249dda074db544032d34a22bc
168,2856cdaad13b87eb42b5716c3f7b56c8d19d9a972536d6242fa1dda0da8c9b0b
169,f5c002c747f4097977c286571552128764a6151ea79649dfd8d16ecf75ae21b1
170,929d2d4ff1d3c423abdd1a62a6b403c416a48d46784a67b5ea9716562fe13e8d
171,8761adbd9f76a2dc108f3b856a419163ca1b127a3d693381898b23e810ca46f4
172,4b2f4b9b4486bf09da5f84d7b7ea5d86c64f2226d3c5e430c5026d1378b0e31a
173,6d140c5756fbd8acbf44d154ec08cfc5e87132a395dc485074eeee60351148e8
174,c9030665b8c3ab2e1e697d52d7f7d21f35be9b2c018d26d1a3917ec8e76ba8e0
175,545d530c35a087df23ce2b5ac8dba36e2aaa43c1c03605d61d2c82a127007405
176,ab1e4a11ac42739ba3c697fe67eee4061301ad189586783c2f6fa1f444e0fbd6
177,4e151e8ca27c60e5dde0b20bb9b7065aa9b07182eada1a1f5a1efb7fd1f9e4a6
178,e9d9c2a957675936f2e3c9381c270425922a09df29741b9ae5762029eaf8851c
179,14fe5e3bba7dbbcc48250a167fb76ef21f72a8fb583a947c381bb819dd36ef28
180,c24aae573ca0065965f110b9925e75e79c279a229571b6ffadfe15a34024338d
181,6f92904a902f1700b814f84ac3a5f7b51166b903c405a15fdf69133712f9ae23
182,c44e3ce3cb32c28e012ee7a5b444904c16a58043311cfce97c2a7d78ccefd8a9
183,72e78afdd0fff5d90fbffb474c031024a090181cd1c71719d20c032b86edc6d4
184,ce2764e0f2e9373e7b769007a00152554f2e2e27d6cb4e2fcb2d9a0f63449da9
185,c77bd29500945befd1548d0d7565c37d2dc3b4837cc474a497a16fb650c0feb6
186,affc841e2a8e39b93cc1a3357d54573de9483b8d2b7730b4fb14aeb5ab80d8cc
187,878e3a29d4217c7d942970b38d9bd4f1e50cf224e16008e495c35752e513ae4f
188,575a0a2265ca0aa3bae4f390c01df45bfb0f2d72a61fc4f2326a57db87761b0b
189,3c514e2cb95e0f308a7ade63842186559b71d40b8aa5b1ef9a84da3b74e8afaf
190,db6e767b6c371d973305fc4ff80fb8a7b5660b4eb7ce9fd336ef37f5741ed728
191,3c3983657b57f5540e603fcd5034a0b874f1ada06a2e7e5067fb89aac7ce9319
192,da982eaada6b8a29153054d210b3f6b7b512cee1dc4d5b76ad99c7d6e92efe15
193,391755f3266ed829f406754a59e49548cc82f4f094b645835c0fd8b9549057d5
194,8d2ea23daf85a727c22c10f405b0a269f1f1d07d1ba51dbb08e197629c7b2660
195,a606728fb1d131db83e7e21f30b6848b85e19c2d0d51758809324dfc5b6ff91c
196,99934a3f6e90cae45caefd7a440a046c496234df5f10227ce9b0f3849b63486f
197,16a078b4c4b5fd7b84f81d0b7878cfb533354d93a1fcc8559de35127f73c4ce8
198,162075da47851de55fd3fbe4ba1586468e9eedbc3ddf83ae3b0a33a47b467eca
199,5dc26f9b2782f0d6cb480ecd483b6adac49306bfb4c9baff7550928921caded7
200,bce415a388d2e472865d03f29221c711cf179323c0ca26879e8dfee2f2afaa24
201,1ab6d37e2923b51a711d169b54c709e692e08cdd10dd62277a366b948b8c3c5f
202,128ede72a09f75cdc1fd2ad976ae1f28a152cd9247e91c75a6837330505aa8d5
203,89b9fd34fc1ecc29070f40e252dbc82c78105b8345a3a75a5459dcaa6d5629e8
204,102773f5861d387d0a76b4f3df30ab80619e82271c431cbfb2773403120b1b5b
205,d5dc5efb316639a5bae93abaf5f526c003d768426d58e525e6abdf886afa2ea9
206,fd36393742edaae2e2d7a72f424239b72dd5cda8b2f101379b844ef8efe3f48a
207,568f77d736b9bd08bc9202c838d85ba58d78672ddd081632d9e3519d4701aafb
208,066a32ce201bdb38f7569cfa3341ae78ffff4ddcc86a6ded6a5b106640b7068d
209,6de5313fd10d50f8f001568a79835b02a5673e01d9aea85befc2e7a9ab53a32d
210,7b90a3ab8fe30f7134b05e51c2b1278639c4092c6c6d4b63295d63675a65c67c
211,3d50b21d6403a118186b598831aad9863569b00156ad30055be27dde4474a3b9
212,6bca41d57e13abef3a44e8d7904f28b9d05476dfaaf38065fbf59b99fb477ccc
213,e236e8d1980a9a7e87237ce753797fc21e034c15190682c776e82a1f8fa970f8
214,6347cf092d0fbed8f2e6bdd6e6ad42c674da5bac5edb341350b160bbafa6bfb7
215,24a3c1aa76ce8515c2fe57afd6371ce0c84a88bda1eaf107f98e364e0a85eca6
216,33ad4a3873f12ba82041386380b440c730ef91d8f73e5e79d4bbde8e8c4560ec
217,854893beb8b10ad27260e9e4c28fc55952a47f9e0982c782e9706a4d587120a2
218,1c00a807702053b5dc77f0b6f748fe00c36fead5e5eb6d2f29173fc9609f7712
219,f440af76413b767cfaeebc44ff01e0408710f9b999beec8e767e74e328676582
220,de665b8fa35a715fe6b91fc88d1ab306de14b2062488540caab0550fe1586553
221,15ae043294c0b57499beec5e6f9c38a22ff89d4d1fb8b7d2b9ed905bf3faa246
222,3a2ba53b662e83f5c5b98065b413650efdd4acdd6035a018c112e8c7f10c55a4
223,51e9c626b76a39666253732d47126e96ef75544af71167b5d3280de616e4dcae
224,ffc744bb640c061aec51c51fe54c648fcd95cc2e88f95de9822898d5fa700ae4
225,672dd286e366b59f74dd470f979295b1283c34b01d42f6c67ee3b09592aabe76
226,c57fc9ca5615100064dbdc6b934169d546e73e9e4f2c402f35a9d8437d09cbef
227,ff7503c92fc540b1608fd9ef994db3697d315451ef36f5d6b078a29762c4b046
228,0f911a290a98c11f6b494778a083b0796352534feab438b665bbf2b2ce5d5d
229,aadb0ca319d35e74baa21a29cc2d578defa0da54a2180566807170e14c418d58
230,693aaa86b1461dd3c6f56c3e31439fa638997755fd90fb57e88e07d582f8c104
231,cdda4dcdacacbfdfa213a0ebc5541117e39c0325db288dc45f7926ad783583f8
232,500ee58d066c362e3769a3b1f08fe0eafde1f9d3d8c4a09f10bfa278370fb8fb
233,66d4fac5c4914c85a343afc4e28c11d443a9dc37d3154fffc4e1c7b0b7420b9b
234,0a460affd452a57fa99fac2e205f3e0d79de465447af3c999637ac70761e26ff
235,e11642a49e8cba2f923e9e41b812a41fd480ffef61b16cd9a1b944382e5d8123
236,26aed3c97dd2a0451d8216eac80fd11aa7fafadb26da731f71d20018395ead29
237,ca81e6331638cb149142976d0cd10597988105eeb1b517f59c46d30e1898258b
238,8e80893116d00a35b40d051ea701c94421a5099ad9656fcda56c82bb1319b93c
239,9968db8197f0aa0f322e943f607459c1ecf8af547233289647af832048cc5be0
240,664a7377e86d4854b3983330108d79bc96d3f7e47f76841cf4c70dfa231714bf
241,ecbc1d902b3e9d13576b34bb5da925c84ada2664c05041ed1daa8b2d45705b1d
242,da4b6581c42b36cae40bb4ca78142ae6739fb2b138bc97910c582704a91753b9
243,7dd27bfa7679598427da32b938c3f934a0b0d30aa65f5a532f6f955ac3450a39
244,f96bea58683889d8479c539f0654caaf6c56c757b9cb79ec57ccbe1fa5be33c8
245,709eba0af3c831aae9013908b59b30ec19ea26e592e42af6f089d78059bac1cf
246,a5383d78c63b2d67f1d76b51c7e7295d91299eb72f1356731274d605f981377b
247,2eb576132448ffba37739c051d64488c8b82607ff143291d27dad0b55b1a57af
248,0eb1a9d1ef836138544371068d3749acd7a497d5e5b532a1d5dd832a2bf215ee
249,3c27ea9d03c2ff767cd71c8e43bcaa429e7293b4e27864d242b2fe7cc52d8af9
250,9d1a8d5f235441299d65556ad0806912af6e4b684117ffedc79d11a14de4bc07
251,2a2b31614b77f8d091604d074cf770e7f7dae36e1a6839150dba23dc4f585104
252,fa5f31d71e7ffc10069c10061098ab19733c9da3da590f26a0e639e5c5fd5c08
253,6ba02f81b0c38473b0442d0ebc46f4a8223edead6d164103fbcdeb10ea414e76
254,9ecc43bb437880a4bc84d041c1f67b3d6e59d64564d7c0e0daf324555bbd0e14
255,df7d99690bb3d7a8c01151b0c4a3665ad6253bf6b50b4f3d36354ab28f67ea7f
256,09b8cb8db6feba9b634eb2441537d4348e8565eeb26cb2aad1c4cf44a635ca52
257,6fec5f2ffd28b0e8d462f03c2daa7aaa228541f24c78949a12ef45ec7ac17c02
258,47f30b7758d1690f5fd0cc9d1cf267d004aeae9a8a4dfabd28cbb8f5b1ca2bee
259,457989fe5bb227872341e26fed5a2d77888d96ed4e9a0f2315f10743e0eaac1e
260,aacb7e1ad6beb701c3eff392683ce92c1f347a7bf515a36de17fd40131f7ff69
261,8f48f3f5adf07aad3913330693a17acc21fd1dfa308b9d009cbd497b4ab4ef16
262,1a8525ff2f06f201aff7c9db1643e8b562853ee87b69f21debd3a9f1dfc8898e
263,5c40d8efe44c1368ee30af0baf8c313aab227f9975a533f7fb0c8b8fc1137b22
264,49adb62efb53f26b3ca7fdca372419a5b9719f506714ce51148314dfa2447ee3
265,c7c1f463637fa77a8ab60af4d3e41b3b9fddea9e23c91c4c11a54e8e77bc1870
266,1ec0aa5bde9886fbad64def718ddcd09fd8de921700984b7004e2ad9f54129e8
267,70b7c5328bcbc98257ee98961afaef83d9bc2bc73ea65e5223752584f57a5c48
268,f2159cd691ee8de5f0cb5f77af96f5da8f53f43dacf412ee4d277358629b2282
269,2a56958a7779e8e4046cf4f260c8f8824503e9d093f472d72295a26b21bedeee
270,98a0f23cc92f277124641770ebffcacc7362bd6cd38efcad84a75661f5c5a657
271,40b2645b53da53a48ba8a8f4f596150e29c18358e861659ad40c214ac13d39c4
272,d6bb937730d9c3ec8ea8e39cdc9facc6c8896352c4ac30eb78f482c976b8c4cf
273,f5c5873d5f368c40e8832fc4d88bd5488f561f46c993263d01d03871b6c5f84f
274,91ae9f92a6d1e13e442afc7338e6897f08cf81daead368c7cf4f1428f7bb9194
275,d85a2464175a456106ff60aba19fbda2121d4ea2495d81443dcb96703132ad32
276,6edcc128e8b61e7593e9e6054d981d3268e0e518027b54574c97e834827d6569
277,06f34f2162a5d97eb7735b1a3ed332276ae65109556c350ad7c5fe26ff477558
278,ee8dbe81f50295a81c1c4bd346ebba79c9b407cbe5335d55a8c7ebe8e7f79902
279,196911e1fd26709cd446b1bd20c54a553d37e9f30549aa4d7daedd80b9ff776f
280,9e5eb8123befbed8e779cde3bf345cddf6b0d808106c721407587682d13a4f93
281,90bb829d25eaeb245754a682545ceed8ab80b710a332ad669562c2832720216f
282,cbc054ae01f9a3b65e34dcc8f336c988bb0818b3eeb7287b16ef30c568eb63a1
283,212129bb0545aff688058e52c9d02f1035e0874057aa7cfc23edbd5870674408
284,f79bcf123938da593da8186f4b801c69b3ad83d23ec60aaf5120ca34f7aeefaa
285,4e9cbb05a364475da5643e8ad1072931589c9dfef6e41f9f5e55e2650aeedde6
286,85d055d2c5f2981c10fc42780e3f95df4c6039a5d5923cb6b70b94b7396e9b39
287,e5cdd5cc12d0e5e73a457088d77c880f542c23ef142eeffcef073215cc354989
288,18bec47241c17d2b77b9056e522dace19eca10fda3c0d2745e7e325cfcec578f
289,bfd84bbd2c98e0eb1ac452a975de2a48f022e37b6b5d6224161a3db9e10e3353
290,99e738394b79c5d1b03c5802984a46520deb2ea2c8f964c341767bcd4641ee5d
291,47feeb765d0d470dbdb0ddc90fa8fd014750dd5239ed6789f8052cf956008384
292,26ee0aa8235a6d1533ac84bda13c32babf78c5ce17fc7e90ab359376e1cc184e
293,1706adbda97aebacfeccdb46e1ad9051cc4d25b4072fe7af35c6cc9285aa6ba5
294,b1db33fd224d767f8eb56401d2acbd03408fe680ff6f1f106efa9b126e0d36d2
295,f84dc04ab3feeb98197b99ee1df2a6d5f2c5e6b82f49f6f8053f3c92fb33d0bf
296,605f52083a3cce5b270bad31b6c83b16332968d1ce325e766f9ea5fc9ca521e3
297,75e050303bfd782cf2e3273a5fcf3fe8378875bdd3404c5d551e3200f0823cad
298,898274524fd94c10cfb1fcdf10e7231bfbfa2345c1319ef81121d295bc0fb275
299,8f5eb7f21a18f9884faf749ef879efbeeafcdbd687d25561816b65a62dfe3794
300,a1dbddc884a33e0908b0c68063ac86fb493847a0efedaabcd68d9f026204c4c1
301,b73805ea88d5d4a9b51749f434a4dd0dc621292d82fbf7f762e2a68d78c13be0
302,5692ce394230f0a79e8e38a7a013e13c22cba0b61da8cfc8d26920526a464f37
303,01bd3b732a6e5452e395412abe645d7fbb19ce1c2179bcbd73f7dfaa9b796d3f
304,bb2527050118eca7644a230071bbcd060c237fd4b2f789026225860b6ad721ab
305,7329e727dbffb610143ba8b3fd23cd41ed9cfdbc4b3eb145bd52e8becf8798e6
306,a144484ae87423d4e708e12c1772c665138e58995167f9868022fc463f6e38fe
307,b2847bf5ab07794682015f9c067709e38e3783a5c10276cf775f88debbd9c52d
308,6f5e0430c23644b527980e1b1773574f7c90f033ecdba3f15bbbea690fc0339f
309,f43b955a7a9a932b0ba7637ceacd4cd409e3b890d20acac865598233b33922dd
310,bd1925f154e1d8bb49238d9f53616560ab06a5c145a39444989a9049bacd30a8
311,0c75258b757e912a256098c566b0fdc23ee2306489f5810a09ffc26835cdd29e
312,2bc3b5b8dd2d40019d0a3b23e6020a9364bd0beedd36d32e72e9ca04d3ba8677
313,efba53c110fe10da7673aa6c8074e98bb171abdfd393aa96f80e758f4e43cff8
314,540ac7347457c9c396cc8494c22fd254aefec80c86f2c61ffc9280442240ed66
315,99df284c16a3eb188829a2d562cf1ac3213f1a11c866078e19cac93c55758a09
316,487bae10bdaf746f7734b6e7826f14dfb8131233911a2bb9ca61c0d3f66dfe64
317,330cb58aafb380af76e3bdc3fb52f8051739d51c475ab17d13d16f59c6e76214
318,a27e9d88f719ccd74eb74c7b568fc818571dd86d18ae6bb909fef0be2ad555f6
319,42f02004ba7d82b2bcf06f7b5bdd1404f3a82495d86373b59e9161d815dc1647
320,53c3a872e61b0bf391173679434890a47eb1db6c13f58c85af859a87bed0c72a
321,9069570a0197634ddc10c55e95a9f97c12f53e278d730ae96e9550cd884be026
322,1f161b1102f08c94c99a3ca536fc1f6163f064a3c18eddaf2034977354a066b2
323,61ea3f0f23076d67488a8604d612e66cf75f7a5d8ef0742c488a5addb545a7f8
324,4a50cc41fa51eef636c2f1a8a76fa183ddc09fa3605d1a0be063266f5e4a6f3e
325,9f1a2c81748aa3f04a97178fa7b8896c25f8fff061ed59504545e041f934bfc0
326,de8ec4d04f74c26df7c4cee4fae156f2b2cfe9d5e6b4f0d2188955bfb1bd1a17
327,b3472ef25732bd421cae250628c786d5e7e2d3f26d56fb004f4107c167626a41
328,bc3774bf8fe0c8fbd9b752a35df427eb18d637dc4f57f9731bdda08d33f44d78
329,4b9d57e3159cefec56e5e617680bcb5107577a4e45319dc73006db838275adf9
330,7d3afc301eaad2dd3beb6eb2e4bb92f5d10228a6f1793153c65ccffa3e78e98a
331,99ea1668dc176a4795e3eb1ed8b1c1f3af71316319291e18b976739dd8539e04
332,cdcf3b41de7db2c37d0d0a0d731b21a58ef0f7c318ff9fe0dde7f82cd88a7a2f
333,6b6483b87253a6daba438661f81b720936b57c7765e4896032f78676961aa94c
334,26428f6927979f6d1643dcbced031217023ea44b65c20762d22741f1c82ec771
335,642a848e141c4ef5a727f07f44e07e2796f2e27509a26eb09480f68f09ca789c
336,254a82974a02d11f8f1abaf7903bbe057c9ac7a48e0751035dc9bd539eb2e65a
337,49291857c5d7cc3911c471e2c9a18f3dda57178211526ccafa3922b3ea6cb2b1
338,016bb9d2d6c0b06345fbf3988fdc6382e87f57e2d807ed77305dbc3403ae72fc
339,9c19e3631d2af275e3014db57f9c1291de848625bb66a180bf09a5fa376d06a4
340,2fb91c1c8a7e3f3fecc1949ba5d9ba78a277dd9ef77f278883fd3ef17df378b9
341,78d23f6472e4abb2ca75b7df7670366a6a1fa31849a4d7531223cc3011c1994a
342,911bed6b88004dc009b90af53859ca1a29a39b93ffa00c65cc4e042a70401cba
343,dd35117038cf2a171dd02957edbbfd8dce13a8c62d295ceefa6ab0f18021fb98
344,cdf74beeb6fffe3ee1b321b7fd4572d00935b11ae51751fb99b5fe29b3aa3ab9
345,dccef09ebbc281ece14d081d65fab6881c48e8ae32ec3be0ebab963e66ec7fcd
346,9b730810d26e41f6115716e9116d0b27a2a1e85b070c19a19d81d2d6eca7ae0e
347,1c2a106c044e7675036165b382e2535601719f6f87b8cd8b47d42210a5d3ded6
348,4bd6efeb52270503484a6de2658cde0f4888821b4105d5227a311aadb31a5141
349,6bb960fbb5ca054e6d6c0ca30d844caa234a0ee30f556feadbf47a9e4b34cad3
350,7c720f034f95d20ac478e57d09f709c498eb1214d544b2ca17b4afa0db1c6496
351,20ea7429c0426ffa59261eea67a2a2f8fd8af999dfd380d6e33513522804895f
352,0cac5c1f94021b380878a3dd3b24f73975f3209c0bec0ceeafc8a974e34c6d81
353,88101fdf17bfc6db663ff6e9c9027eccea912be973a119e8795d76a2155f9a2d
354,0b2852e6ef25dd13405b6d3a6240d53abb73db1c82f34cc6de90ff9cc4a57c0e
355,d9165579e2ffe33cf374977a5186ebdc0bf3e9472c6b8e7822ec7033e3d8ff1e
356,3fb0941ef3d55a77299a12257e18dc5422623f71fadf1f1340327764088842df
357,da5c7f3508006af91ebb25cecfc5a2ae2c8df0a13fe2f2ce731f1f91f236c7b9
358,2e83c261a454c3b1058e4e96d733f49bb34f5f23000a1e56962da28c0d7dd98c
359,eb75d5859253be2409ba569d4981320b6b5c5a556986b467c298f7f9765dffc3
360,8149eb2e50fb8acdc0c99eafebc18ff7e85af37e1e5bb7a33a69df04c036f8fc
361,85ff0b5eb2c11104d8ae107e1582eed337e1d029472ef8eb43988dac3223db90
362,be55f2d15a6f6525dd1e282dcd91b2f44eb690e01e1c1475d4d150b4fb5f91d0
363,49387f88c14c828683bdd189bcf975e384a6ae2f897e1d135814a92e539da785
364,f898c364d9a9a62e16b161c3bb8e6fbe23a6bba54529a25b3654712297ad68d8
365,0242aafba5810696c57a7eee8861e08d03e27284d9cc5489a28abf3165a4d522
366,1f74542736ff8f1bc027c1e46628672dffb9d37f3e27c2cf593849d977bf7544
367,c240dcabee947daa4962d553622320e71fce996818188e35f48a79cc58c8f088
368,e5a9eda2f29ce1363eb58e59d4b9553b12b928bdd3d151e2ca2fb9bdf12911ad
369,d77908c537d227869177143a3fa5c5bdb3c073db0f7aab75c62aaec697e2b48f
370,6267aad3c88819f5606db605ee183ff08270fa270e518f7bfdc51d8e1b608b2d
371,a32b81b52723f4284b549c003d01577792ac1c4ae7216545aaa27e4d2c7f19aa
372,f5fa6c17f9d503dd86092f44012f1ecfacce91ac29a8415b8434d9f4de44e104
373,817ababb3176bed86914498f999e742b7a1075da78cfe6772a72a016bb278021
374,a0e874bc2a4ce78586bd97b1c04ac75034ce67fd4f81c5828a39de59c24fb39f
375,186102b6d20e1cf9289003711defae692e89654aa2d7a53659412103a0b16b65
376,c74dcb16e362c6dabc2cc979cb204b8988fdb7ac743a0d00a00ea111246e9886
377,3b3bc91d49f6277f69b56f0d77e9657aa9c69980fccb63a0596e3b8bd494e87b
378,56a24319b14bb0b2a77092c195a1a99a5a0d0aded59029c1abfb122765de8f4f
379,41fe4e988d8d630ea984574387c34854f9722f31213f838adc991d76392a54f6
380,8e65936ccd333d23259f7198a651787402a6103741eba8959657eaf9eebea95b
381,4ac6aa18ed88e612fea4ec4f767b982c65af90eaaca3186c5c064db5f7ca1f83
382,f6c87007f1a713c1fdb485d4b875e6320cc1b62b57a50bfdb8436a54305742eb
383,a9151268111879b9761941359bcf74fd4c70428876933667c1fc68de72b19f69
384,e7d6ba1f19418440d68756bbb8c914534fb5389c5ef63155665f58d81b0f7008
385,7767b34d96e6c27ab5cc8204dae919e92430e35437676dec4c3762e5f98b7fc3
386,26c6338de1e849c4a32d65fc83d236781e406c655a879556f6d06e702dd0ad77
387,b27a2ca8fda57c6337e709807534723092d566a6b950192a6dfce38de95888c9
388,56a1588586eb05966da55250e6e39d70ce0585faff59d7744c8f8c14d9b84354
389,dea66c21252ac3ec437c4a964df785dbc3298030eca62a998ae7dc0450068d23
390,b74c662ae52886f1a758254bdb39d8184a5d924713fc29f3a3762cc115172720
391,59331cbd63b83f9de8e731f4c49927bea7a8c9da33844f7d814ba82f974ffb58
392,c7c51cddc8d343fb4ccff9bbb7fe869eaf17698b73f273ea075fcaffb66cb13c
393,4d6e1800cd8e7821f579aa6862b0371767f1ee725ccf6020c5dc0128f0f3add3
394,596ff42626e3afc9d51f4220f18f4a78f60b0137d25cb496eef27f51df7fe0d8
395,edccb38ab4e8a7216395ab75c14166f0fa43a20128c7315389beb957d78ef671
396,8dade35811c492494c3859c1665af35f316ad86764acc352771c46c8bd0813b0
397,73672038557fe00ce4b76843a02b9f88b39669ff23fefa628769b8cd673a227b
398,f5474e8a26af8aeffe643bda593cc3f9b19e85d755efc5ea0f73a55095eb6c21
399,585cac4ebd35e222f044587ad51535163a44843f1c726fd20fb18f4bde839ebe
400,a5caf2a8870d9a88986235fe2ff7087b91f5a806ebd81c6656a634c6af988134
401,e268810442fecfef5cfb43729921d7929022e0511f5f7238c82c928913743aa2
402,e8659cee8088ecc6ca319567b1458ba274f5ed7f61b4a581840b6a55ca6bd4c0
403,cf6a4517aadba56c1f42dc5d32fc1525f36912e258df33fab81094a6962103b3
404,bf527a9179f2e1cc3449080a222e7b72c69deb0779b9c4af81ae4c57c77c6855
405,435953aad942de8d6eacfba77f9e63b8ab516f26ff461c0a42b075a76ab8b1ee
406,2465c4a52eea664f5ae410adceb0fcc41ab06008b4d5f8d25ea867f9f6bd1a6b
407,8df7379a1c939614e3699ee7fbe9ef8d882072932d5439da6b005fa415c2b3cd
408,9c8e7aefaf8a7fc54e2262a68126df820fbfb1245fa9422dbb31fb44a457ae4b
409,fced10a2c71939c297c4612ceeaa1dec1ae9a10a09988f8c530fa3153681ba4e
410,b562eb4a4281db120d042561164d54563539a0be16488b7cdfb3952eacb4abd3
411,761fcfe66842930c34828c6df223294fe21cc5ce2e6d1f23ac32d92a1e44abb1
412,de1d74c0d410a998a8ccc09c300374bcaa8a5a09808af8ce7cfc0be245b17d92
413,4cc515c36144dbab89e074140a5f1c42f046facd67c00adeda5f585dba3d88a8
414,b7dbd2e0a65bd7d1dbfcd969fa2821843fcf9c34f3f5cd6cec7fe941541e13a5
415,0551477bacb1ac94a91466ffa3d96e67940afde60ff0dc79d928609a55fccfe2
416,8ba2050529e467d8fb4780104217c768e778026c35be66eca4642e357c0f1343
417,39cc479b15eab51900cb021fd67867cc4e606c7cebdc28d4b45f05feb475778d
418,cb4b05d32e9ad576ba7fa184c0f03a0b8fa93e28f5d5d0ff946d233edc4a3685
419,bd6f69136935035af3e51ea6e312d3b8a42aee76e89bf886f03a5214b991bad2
420,bc873eccebb7a8b1dac1d5e47f117c1ed8195ebb9a054e0d3205ef13a8c8bea2
421,379eaf70b42df46a9218bbef40f3a9316ed9848068b87dd44ea73a9864d642fd
422,9c50c63398e66e4cbdeafceff98cc8fb0c5565c8673b8dbd95465b47843ae8e6
423,9a30b2cdc57a838d0a7e8e52bf4af8ec64742a1936c4b0118aeef05eda3decae
424,eb1d26164b260e107bd5e1ba6e1156f6192487250286781d30ea32649930ca9e
425,f20e053aa24d6d9bc6beef103c596971c1006821b5139c40c6539caa4dfb5fb1
426,a63a6b3b32da7489b5da995383c32315b4f4d4ece11cc4ac119cb4247dcb2de9
427,7664c3ad6b367d634e196ad781ba410c182c43c144e9f27e6d6df1aad43f7da3
428,e0885b5e2257d4e1170b61b78c053e8ff4bc20f94112c2d7c8f1f3849fc975f6
429,346581b7c80aee0611e0f4bf1e961ffb26328833025f65ea82f3efa51386d309
430,08b144a41ad8de07789abf9930cc4a1035c2900d7fa3e7248f233acdc2c7d690
431,b69d70e90378793056fbd810ca1576d367bc064c9349e9b9158b641c03c696fa
432,4ebdd9c874df7fe4b31ea3ce7fe3e0f26ce928c7227e117f070167109b54e90c
433,1774479b82335d859b736d2f26d421bf15b9291b6d90ddb56d45816ba45a4ca5
434,1d4ab3f0ea02724af3addc4685d05f5f49745f6a276cde7e7bceb969d8560f9a
435,ab53fd469b9b3d88db00b0bb5bd9a149420f534dddc1727567b9044b4ba3764c
436,915fe8206fbaee7c81500441de82afdce488f7673396b0aaea657610c9da72d2
437,3d0f7306dc50183a0403f0398a535f1b56112057d0173852b0541560dd2f706a
438,20618d89c05c84bccd396c093c1cf53d857348fae7612efe6e18f573a61a1326
439,bc84473447a4f336139d2ce0deddfe8fe417aa6109ef99635bac956394cda2d1
440,fe2f9105be358f317bc43f02225ea73ac05c74b2491ad521716cd6c7e9421aec
441,7fffcd29fe98981f0a55f2658ef7dfcf282826b9f27eb32193ab3cbc06ee64fd
442,c4dedb13b78a0a87a7049fe19f5adc614a0e6d1760703d4c0478d347a07724c7
443,3a8a9180a865906c3555e792f203f410c918f4740ae8b020d7f81b5440b79e4a
444,86565dd89dcd7f98116c76f65cb284e315ae80d7b527dc46847d616151a9ccd3
445,5cfe2aba6c8e445d37fc0d231e01dcea2c7cad26200faa65bcf8c12793d15651
446,da3ff2344ca0315c581507850c7b7d4bc68a0b3ff90203062615d67071d33528
447,86934a03792330bac579a86af0efa9a654e797e661b627d5c59d3a388df4ce27
448,a960844f6fa07b85e47637653dfc3e41c8c3c05a2c9dfa63749df209d6732034
449,b1146880a9db03fe6b8bac075c7ad50641fe327f59b85aa93b29d34c8c5134a3
450,14342325a8709d0f0e3588fc3b936ec627b4169d52c435a25e2877e0783eeddc
451,2e3642b6407e4b34e98e8123a5a594789eef0766bbee20fde965951861f003ae
452,13c82da8fadce9bac7431c31ecaaa5870de50fcbb4204ae400d6683a77531495
453,7d99a359730292007bb8b6ca7d90a404930927c14bff8f353517b9eda5d92cf3
454,9f32a26d40f91a81885a755cf38eb933f64cfbefb5f92ec85a5d49481a7fe52d
455,56eaeded414bf121289177661c058aa1e8deb3a89a19885f7fa5e913975ba88a
456,4fefbf3da59a94e75643e606e20ca5964127b18132256086f25befaaf18207d7
457,0226a02be955ed20683f76e4ff7f3358c9657e73d210c874d0c0fec0de8d9dc5